fraction;fold;n_train;n_validation;train_accuracy;validation_accuracy;train_macro_f1;validation_macro_f1
0.2;1;41;52;1.0;1.0;1.0;1.0
0.4;1;82;52;1.0;0.9807692307692307;1.0;0.9770347855454239
0.6;1;122;52;1.0;0.9807692307692307;1.0;0.9770347855454239
0.8;1;163;52;1.0;1.0;1.0;1.0
1.0;1;204;52;1.0;1.0;1.0;1.0
0.2;2;41;51;1.0;0.9215686274509803;1.0;0.895640321172236
0.4;2;82;51;1.0;0.9215686274509803;1.0;0.9043478260869565
0.6;2;123;51;1.0;0.9607843137254902;1.0;0.9545454545454546
0.8;2;164;51;1.0;0.9607843137254902;1.0;0.9545454545454546
1.0;2;205;51;1.0;0.9803921568627451;1.0;0.9753639417693168
0.2;3;41;51;1.0;1.0;1.0;1.0
0.4;3;82;51;1.0;1.0;1.0;1.0
0.6;3;123;51;1.0;1.0;1.0;1.0
0.8;3;164;51;1.0;0.9803921568627451;1.0;0.9767195767195767
1.0;3;205;51;1.0;1.0;1.0;1.0
0.2;4;41;51;1.0;0.9607843137254902;1.0;0.9470085470085471
0.4;4;81;51;1.0;0.9607843137254902;1.0;0.9515151515151515
0.6;4;124;51;1.0;0.9607843137254902;1.0;0.9515151515151515
0.8;4;164;51;1.0;0.9607843137254902;1.0;0.9515151515151515
1.0;4;205;51;1.0;0.9607843137254902;1.0;0.9515151515151515
0.2;5;41;51;1.0;0.9803921568627451;1.0;0.976375046142488
0.4;5;81;51;1.0;1.0;1.0;1.0
0.6;5;124;51;1.0;1.0;1.0;1.0
0.8;5;164;51;1.0;1.0;1.0;1.0
1.0;5;205;51;1.0;1.0;1.0;1.0
