name;max_depth;min_samples_leaf;recommended;train_accuracy_mean;train_accuracy_std;validation_accuracy_mean;validation_accuracy_std;train_macro_f1_mean;train_macro_f1_std;validation_macro_f1_mean;validation_macro_f1_std;tree_nodes_mean;tree_depth_mean;tree_leaves_mean
depth_none_leaf_1;None;1;False;1.0;0.0;0.9882352941176471;0.015686274509803914;1.0;0.0;0.9853758186568937;0.01943390078169603;28.5048;6.8832;14.7524
depth_none_leaf_2;None;2;False;0.9960927785748446;0.0019536326634982965;0.9843137254901961;0.01921168425712295;0.9952177112403457;0.0023915413464013335;0.9807378129117261;0.023592184591737713;24.217599999999997;6.112399999999999;12.608799999999999
depth_none_leaf_4;None;4;False;0.995117168818747;0.0030851637634582312;0.9764705882352942;0.028817526385684456;0.9940098132337983;0.0037938151529392596;0.9699523445324119;0.03680868066298617;18.8312;5.1712;9.9156
depth_5_leaf_1;5;1;True;0.9960927785748446;0.0019536326634982965;0.9843137254901961;0.01921168425712295;0.9952177112403457;0.0023915413464013335;0.9807378129117261;0.023592184591737713;21.3856;4.9399999999999995;11.1928
depth_5_leaf_2;5;2;False;0.995117168818747;0.0030851637634582312;0.9803921568627452;0.024802177726810818;0.9940098132337983;0.0037938151529392596;0.9755213953646205;0.031039292499775367;19.715200000000003;4.85;10.357600000000001
depth_5_leaf_4;5;4;False;0.995117168818747;0.0030851637634582312;0.9764705882352942;0.028817526385684456;0.9940098132337983;0.0037938151529392596;0.9699523445324119;0.03680868066298617;17.196000000000005;4.614;9.098000000000003
depth_10_leaf_1;10;1;False;1.0;0.0;0.9882352941176471;0.015686274509803914;1.0;0.0;0.9853758186568937;0.01943390078169603;28.291200000000003;6.8172;14.645600000000002
depth_10_leaf_2;10;2;False;0.9960927785748446;0.0019536326634982965;0.9843137254901961;0.01921168425712295;0.9952177112403457;0.0023915413464013335;0.9807378129117261;0.023592184591737713;24.1536;6.0964;12.5768
depth_10_leaf_4;10;4;False;0.995117168818747;0.0030851637634582312;0.9764705882352942;0.028817526385684456;0.9940098132337983;0.0037938151529392596;0.9699523445324119;0.03680868066298617;18.8312;5.1712;9.9156
